{
    "name": "root",
    "gauges": {
        "PandemicAgent.Policy.Entropy.mean": {
            "value": 2.854614496231079,
            "min": 2.839926242828369,
            "max": 3.2956182956695557,
            "count": 500
        },
        "PandemicAgent.Policy.ExtrinsicValueEstimate.mean": {
            "value": 0.2259139120578766,
            "min": -0.4097435474395752,
            "max": 0.3308899998664856,
            "count": 500
        },
        "PandemicAgent.Environment.EpisodeLength.mean": {
            "value": 1613.1666666666667,
            "min": 320.875,
            "max": 1999.0,
            "count": 500
        },
        "PandemicAgent.Environment.CumulativeReward.mean": {
            "value": 1.682600450515747,
            "min": -8.392874766141176,
            "max": 9.999000668525696,
            "count": 500
        },
        "PandemicAgent.Policy.ExtrinsicReward.mean": {
            "value": 1.682600450515747,
            "min": -8.392874766141176,
            "max": 9.999000668525696,
            "count": 500
        },
        "PandemicAgent.IsTraining.mean": {
            "value": 1.0,
            "min": 1.0,
            "max": 1.0,
            "count": 500
        },
        "PandemicAgent.Losses.ValueLoss.mean": {
            "value": 0.12973199784755707,
            "min": 0.004337854217737913,
            "max": 2.061612129211426,
            "count": 243
        },
        "PandemicAgent.Losses.PolicyLoss.mean": {
            "value": 0.01818465255200863,
            "min": 0.012535661458969116,
            "max": 0.02089332975447178,
            "count": 243
        },
        "PandemicAgent.Policy.LearningRate.mean": {
            "value": 4.330620129167073e-07,
            "min": 4.330620129167073e-07,
            "max": 0.0002987658081110567,
            "count": 243
        },
        "PandemicAgent.Policy.Epsilon.mean": {
            "value": 0.10014431923627853,
            "min": 0.10014431923627853,
            "max": 0.1995885819196701,
            "count": 243
        },
        "PandemicAgent.Policy.Beta.mean": {
            "value": 1.720160616969224e-05,
            "min": 1.720160616969224e-05,
            "max": 0.004979468882083893,
            "count": 243
        }
    },
    "metadata": {
        "timer_format_version": "0.1.0",
        "start_time_seconds": "1593620376",
        "python_version": "3.7.7 (default, May  6 2020, 11:45:54) [MSC v.1916 64 bit (AMD64)]",
        "command_line_arguments": "C:\\Users\\Ege\\Anaconda3\\envs\\mlagents-1.0\\Scripts\\mlagents-learn ./trainer_config.yaml --run-id ps_07",
        "mlagents_version": "0.17.0",
        "mlagents_envs_version": "0.17.0",
        "communication_protocol_version": "1.0.0",
        "tensorflow_version": "2.2.0",
        "end_time_seconds": "1593641498"
    },
    "total": 21122.2757905,
    "count": 1,
    "self": 0.3371563000000606,
    "children": {
        "run_training.setup": {
            "total": 0.009829199999999982,
            "count": 1,
            "self": 0.009829199999999982
        },
        "TrainerController.start_learning": {
            "total": 21121.928805,
            "count": 1,
            "self": 451.2344199001527,
            "children": {
                "TrainerController._reset_env": {
                    "total": 14.156809099999998,
                    "count": 1,
                    "self": 14.156809099999998
                },
                "TrainerController.advance": {
                    "total": 20655.918507799848,
                    "count": 628029,
                    "self": 11.213815399260056,
                    "children": {
                        "env_step": {
                            "total": 20644.704692400588,
                            "count": 628029,
                            "self": 19501.962912001596,
                            "children": {
                                "SubprocessEnvManager._take_step": {
                                    "total": 1131.1003686004651,
                                    "count": 628029,
                                    "self": 31.594938200906654,
                                    "children": {
                                        "NNPolicy.evaluate": {
                                            "total": 1099.5054303995585,
                                            "count": 625056,
                                            "self": 1099.5054303995585
                                        }
                                    }
                                },
                                "workers": {
                                    "total": 11.641411798526846,
                                    "count": 628029,
                                    "self": 0.0,
                                    "children": {
                                        "worker_root": {
                                            "total": 21083.89874720151,
                                            "count": 628029,
                                            "is_parallel": true,
                                            "self": 3301.276192901776,
                                            "children": {
                                                "steps_from_proto": {
                                                    "total": 0.001048899999998909,
                                                    "count": 1,
                                                    "is_parallel": true,
                                                    "self": 0.00038219999999711263,
                                                    "children": {
                                                        "_process_vector_observation": {
                                                            "total": 0.0006667000000017964,
                                                            "count": 4,
                                                            "is_parallel": true,
                                                            "self": 0.0006667000000017964
                                                        }
                                                    }
                                                },
                                                "UnityEnvironment.step": {
                                                    "total": 17782.621505399733,
                                                    "count": 628029,
                                                    "is_parallel": true,
                                                    "self": 106.94761889888105,
                                                    "children": {
                                                        "UnityEnvironment._generate_step_input": {
                                                            "total": 93.395101699949,
                                                            "count": 628029,
                                                            "is_parallel": true,
                                                            "self": 93.395101699949
                                                        },
                                                        "communicator.exchange": {
                                                            "total": 17175.30492149999,
                                                            "count": 628029,
                                                            "is_parallel": true,
                                                            "self": 17175.30492149999
                                                        },
                                                        "steps_from_proto": {
                                                            "total": 406.97386330091535,
                                                            "count": 628029,
                                                            "is_parallel": true,