{
    "name": "root",
    "metadata": {
        "timer_format_version": "0.1.0",
        "start_time_seconds": "1593620281",
        "python_version": "3.7.7 (default, May  6 2020, 11:45:54) [MSC v.1916 64 bit (AMD64)]",
        "command_line_arguments": "C:\\Users\\Ege\\Anaconda3\\envs\\mlagents-1.0\\Scripts\\mlagents-learn ./trainer_config.yaml --run-id ps_06",
        "mlagents_version": "0.17.0",
        "mlagents_envs_version": "0.17.0",
        "communication_protocol_version": "1.0.0",
        "tensorflow_version": "2.2.0",
        "end_time_seconds": "1593620322"
    },
    "total": 40.6008728,
    "count": 1,
    "self": 0.007101299999995092,
    "children": {
        "run_training.setup": {
            "total": 0.0229197000000001,
            "count": 1,
            "self": 0.0229197000000001
        },
        "TrainerController.start_learning": {
            "total": 40.5708518,
            "count": 1,
            "self": 3.5098356000000592,
            "children": {
                "TrainerController._reset_env": {
                    "total": 10.0446885,
                    "count": 1,
                    "self": 10.0446885
                },
                "TrainerController.advance": {
                    "total": 25.912256399999936,
                    "count": 1794,
                    "self": 0.024987999999911636,
                    "children": {
                        "env_step": {
                            "total": 25.887268400000025,
                            "count": 1794,
                            "self": 23.49635329999995,
                            "children": {
                                "SubprocessEnvManager._take_step": {
                                    "total": 2.3652994999999954,
                                    "count": 1794,
                                    "self": 0.06079839999998882,
                                    "children": {
                                        "NNPolicy.evaluate": {
                                            "total": 2.3045011000000066,
                                            "count": 1791,
                                            "self": 2.3045011000000066
                                        }
                                    }
                                },
                                "workers": {
                                    "total": 0.025615600000080008,
                                    "count": 1793,
                                    "self": 0.0,
                                    "children": {
                                        "worker_root": {
                                            "total": 28.880880400000127,
                                            "count": 1793,
                                            "is_parallel": true,
                                            "self": 7.493679700000225,
                                            "children": {
                                                "steps_from_proto": {
                                                    "total": 0.004077199999999337,
                                                    "count": 1,
                                                    "is_parallel": true,
                                                    "self": 0.0014873000000008574,
                                                    "children": {
                                                        "_process_vector_observation": {
                                                            "total": 0.0025898999999984795,
                                                            "count": 4,
                                                            "is_parallel": true,
                                                            "self": 0.0025898999999984795
                                                        }
                                                    }
                                                },
                                                "UnityEnvironment.step": {
                                                    "total": 21.3831234999999,
                                                    "count": 1793,
                                                    "is_parallel": true,
                                                    "self": 0.1756597999999805,
                                                    "children": {
                                                        "UnityEnvironment._generate_step_input": {
                                                            "total": 0.12483100000000213,
                                                            "count": 1793,
                                                            "is_parallel": true,
                                                            "self": 0.12483100000000213
                                                        },
                                                        "communicator.exchange": {
                                                            "total": 20.478469399999998,
                                                            "count": 1793,
                                                            "is_parallel": true,
                                                            "self": 20.478469399999998
                                                        },
                                                        "steps_from_proto": {
                                                            "total": 0.6041632999999162,
                                                            "count": 1793,
                                                            "is_parallel": true,
                                                            "self": 0.3025254999999696,
                                                            "children": {
                                                                "_process_vector_observation": {
                                                                    "total": 0.30163779999994667,
                                                                    "count": 7172,
                                                                    "is_parallel": true,
                                                                    "self": 0.30163779999994667
                                                                }
                                                            }
                                                        }
                                                    }
                                                }
                                            }
                                        }
                                    }
                                }
                            }
                        }
                    }
                },
                "trainer_threads": {
                    "total": 1.9100000002936213e-05,
                    "count": 1,
                    "self": 1.9100000002936213e-05,
                    "children": {
                        "thread_root": {
                            "total": 0.0,
                            "count": 0,
                            "is_parallel": true,
                            "self": 0.0,
                            "children": {
                                "trainer_advance": {
                                    "total": 26.459851600000107,
                                    "count": 1673,
                                    "is_parallel": true,
                                    "self": 0.08918600000016852,
                                    "children": {
                                        "process_trajectory": {
                                            "total": 26.37066559999994,
                                            "count": 1673,
                                            "is_parallel": true,