{
    "name": "root",
    "gauges": {
        "PandemicAgent.Policy.Entropy.mean": {
            "value": 2.9884204864501953,
            "min": 2.8970255851745605,
            "max": 3.0520455837249756,
            "count": 500
        },
        "PandemicAgent.Policy.ExtrinsicValueEstimate.mean": {
            "value": 0.131715327501297,
            "min": -0.03575712442398071,
            "max": 0.24959175288677216,
            "count": 500
        },
        "PandemicAgent.TotalScore.mean": {
            "value": 0.0,
            "min": 0.0,
            "max": 0.0,
            "count": 500
        },
        "PandemicAgent.Environment.EpisodeLength.mean": {
            "value": 999.0,
            "min": 999.0,
            "max": 999.0,
            "count": 500
        },
        "PandemicAgent.Environment.CumulativeReward.mean": {
            "value": 1.1934003293514253,
            "min": -6.965199261903763,
            "max": 4.999000310897827,
            "count": 500
        },
        "PandemicAgent.Policy.ExtrinsicReward.mean": {
            "value": 1.1934003293514253,
            "min": -6.965199261903763,
            "max": 4.999000310897827,
            "count": 500
        },
        "PandemicAgent.IsTraining.mean": {
            "value": 1.0,
            "min": 1.0,
            "max": 1.0,
            "count": 500
        },
        "PandemicAgent.Losses.ValueLoss.mean": {
            "value": 0.32025718688964844,
            "min": 0.003808781271800399,
            "max": 0.6332437992095947,
            "count": 242
        },
        "PandemicAgent.Losses.PolicyLoss.mean": {
            "value": 0.019906263798475266,
            "min": 0.013187930919229984,
            "max": 0.021040288731455803,
            "count": 242
        },
        "PandemicAgent.Policy.LearningRate.mean": {
            "value": 5.232914759289997e-07,
            "min": 5.232914759289997e-07,
            "max": 0.00029876158805564046,
            "count": 242
        },
        "PandemicAgent.Policy.Epsilon.mean": {
            "value": 0.10017441213130951,
            "min": 0.10017441213130951,
            "max": 0.19958718121051788,
            "count": 242
        },
        "PandemicAgent.Policy.Beta.mean": {
            "value": 1.8702423403738067e-05,
            "min": 1.8702423403738067e-05,
            "max": 0.004979401361197233,
            "count": 242
        }
    },
    "metadata": {
        "timer_format_version": "0.1.0",
        "start_time_seconds": "1593555662",
        "python_version": "3.7.7 (default, May  6 2020, 11:45:54) [MSC v.1916 64 bit (AMD64)]",
        "command_line_arguments": "C:\\Users\\Ege\\Anaconda3\\envs\\mlagents-1.0\\Scripts\\mlagents-learn ./trainer_config.yaml --run-id ps_05 --initialize-from=ps_04",
        "mlagents_version": "0.17.0",
        "mlagents_envs_version": "0.17.0",
        "communication_protocol_version": "1.0.0",
        "tensorflow_version": "2.2.0",
        "end_time_seconds": "1593573949"
    },
    "total": 18287.332880899998,
    "count": 1,
    "self": 0.3179336999965017,
    "children": {
        "run_training.setup": {
            "total": 0.010170500000000082,
            "count": 1,
            "self": 0.010170500000000082
        },
        "TrainerController.start_learning": {
            "total": 18287.0047767,
            "count": 1,
            "self": 625.7223636995041,
            "children": {
                "TrainerController._reset_env": {
                    "total": 9.3054296,
                    "count": 1,
                    "self": 9.3054296
                },
                "TrainerController.advance": {
                    "total": 17651.312653400495,
                    "count": 1000129,
                    "self": 19.13519440028176,
                    "children": {
                        "env_step": {
                            "total": 17632.177459000213,
                            "count": 1000129,
                            "self": 15887.352329499561,
                            "children": {
                                "SubprocessEnvManager._take_step": {
                                    "total": 1726.2444969000867,
                                    "count": 1000129,
                                    "self": 48.52396409846028,
                                    "children": {
                                        "NNPolicy.evaluate": {
                                            "total": 1677.7205328016264,
                                            "count": 1000129,
                                            "self": 1677.7205328016264
                                        }
                                    }
                                },
                                "workers": {
                                    "total": 18.580632600565018,
                                    "count": 1000129,
                                    "self": 0.0,
                                    "children": {
                                        "worker_root": {
                                            "total": 18239.52362140015,
                                            "count": 1000129,
                                            "is_parallel": true,
                                            "self": 4663.967825700724,
                                            "children": {
                                                "steps_from_proto": {
                                                    "total": 0.0004782999999992654,
                                                    "count": 1,
                                                    "is_parallel": true,
                                                    "self": 0.0001954000000008449,
                                                    "children": {
                                                        "_process_vector_observation": {
                                                            "total": 0.0002828999999984205,
                                                            "count": 4,
                                                            "is_parallel": true,
                                                            "self": 0.0002828999999984205
                                                        }
                                                    }
                                                },
                                                "UnityEnvironment.step": {
                                                    "total": 13575.555317399425,
                                                    "count": 1000129,
                                                    "is_parallel": true,
                                                    "self": 143.18749970156023,
                                                    "children": {
                                                        "UnityEnvironment._generate_step_input": {
                                                            "total": 123.41176270006328,
                                                            "count": 1000129,
                                                            "is_parallel": true,
                                                            "self": 123.41176270006328
                                                        },
                                                        "communicator.exchange": {
                                                            "total": 12793.728714399625,
                                                            "count": 1000129,
                                                            "is_parallel": true,
                                                            "self": 12793.728714399625
                                                        },
                                                        "steps_from_proto": {
                                                            "total": 515.2273405981765,